Image_lien,Prix,Adresse,Nom
https://images.coinafrique.com/thumb_5179428_uploaded_image1_1739207935.jpg,Prix sur demande,"Niaga, Sénégal",Boeuf
https://images.coinafrique.com/thumb_5138284_uploaded_image1_1737038687.jpg,20 000CFA,"Point E, Dakar, Sénégal",Perroquet perruches ondulées
https://images.coinafrique.com/thumb_5125396_uploaded_image1_1736351628.jpg,15 000CFA,"Thies, Sénégal",Perroquets
https://images.coinafrique.com/thumb_5103325_uploaded_image1_1734893890.jpg,200 000CFA,"Almadies, Dakar, Sénégal",Chat Siamois
https://images.coinafrique.com/thumb_5103176_uploaded_image1_1734884464.jpg,20 000CFA,"Point E, Dakar, Sénégal",Perruches ondulées
https://images.coinafrique.com/thumb_5096028_uploaded_image2_1734447537.jpeg,Prix sur demande,"Dakar Plateau, Dakar, Sénégal",Chaton
https://images.coinafrique.com/thumb_5092278_uploaded_image1_1734215302.jpg,235 000CFA,"Dakar Plateau, Dakar, Sénégal",Chaton Siamois
https://images.coinafrique.com/thumb_5068623_uploaded_image1_1732965550.jpg,8 500CFA,"Dakar, Sénégal",Poissons Aquarium
https://images.coinafrique.com/thumb_5066823_uploaded_image1_1732865161.jpg,35 000CFA,"Ouest Foire, Dakar, Sénégal",Tortues terrestres
https://images.coinafrique.com/thumb_5054269_uploaded_image1_1732160455.jpg,800 000CFA,"Mbao, Dakar, Sénégal",Bœuf
https://images.coinafrique.com/thumb_5054268_uploaded_image1_1732160128.jpg,800 000CFA,"Mbao, Dakar, Sénégal",Bœuf
https://images.coinafrique.com/thumb_5050095_uploaded_image1_1731948012.jpg,400 000CFA,"Dakar Plateau, Dakar, Sénégal",Chat Persan
https://images.coinafrique.com/thumb_5042261_uploaded_image1_1731516188.jpg,800 000CFA,"Keur Massar, Sénégal",Bœufs
https://images.coinafrique.com/thumb_5041931_uploaded_image1_1731508632.jpg,140 000CFA,"Guediawaye, Dakar, Sénégal",Mondain
https://images.coinafrique.com/thumb_5041105_uploaded_image1_1731466674.jpg,265 000CFA,"Dakar Plateau, Dakar, Sénégal",Himalayen
https://images.coinafrique.com/thumb_5041103_uploaded_image1_1731467091.jpg,400 000CFA,"Dakar Plateau, Dakar, Sénégal",persan pure race
https://images.coinafrique.com/thumb_5041101_uploaded_image1_1731465886.jpg,650 000CFA,"Dakar Plateau, Dakar, Sénégal",British et scottish pure race
https://images.coinafrique.com/thumb_5035473_uploaded_image1_1731162862.jpg,25 000CFA,"Almadies 2, Dakar, Sénégal",Dindes
https://images.coinafrique.com/thumb_5034401_uploaded_image2_1731090945.jpeg,Prix sur demande,"Saint Louis, Sénégal",Couples Dindons
https://images.coinafrique.com/thumb_5022926_uploaded_image1_1730540052.jpg,300 000CFA,"Biscuiterie, Dakar, Sénégal",Bœuf
https://images.coinafrique.com/thumb_5017864_uploaded_image1_1730286261.jpg,20 000CFA,"Mariste, Dakar, Sénégal",Chaton de 1 mois
https://images.coinafrique.com/thumb_5009683_uploaded_image1_1729789010.jpg,60 000CFA,"Keur Massar, Sénégal",Chèvre
https://images.coinafrique.com/thumb_5001807_uploaded_image1_1729346954.jpg,1 500CFA,"Guediawaye, Dakar, Sénégal",Caille
https://images.coinafrique.com/thumb_5001804_uploaded_image1_1729346440.jpg,Prix sur demande,"Guediawaye, Dakar, Sénégal",Couple dinde
https://images.coinafrique.com/thumb_4997392_uploaded_image2_1729102102.jpeg,170 000CFA,"Point E, Dakar, Sénégal",Chat Siamois
https://images.coinafrique.com/thumb_4996496_uploaded_image1_1729075617.jpg,700 000CFA,"Keur Massar, Sénégal",Bœuf
https://images.coinafrique.com/thumb_4995019_uploaded_image1_1729000242.jpg,Prix sur demande,"Thies, Sénégal",Boeuf
https://images.coinafrique.com/thumb_4976748_uploaded_image1_1728036550.jpg,35 000CFA,"Hann Bel-Air, Dakar, Sénégal",Tortue
https://images.coinafrique.com/thumb_4974963_uploaded_image1_1727962840.jpg,Prix sur demande,"Sicap Liberté, Dakar, Sénégal",Bleus
https://images.coinafrique.com/thumb_4967605_uploaded_image1_1727643698.jpg,399 000CFA,"Sicap Liberté, Dakar, Sénégal",Perroquet
https://images.coinafrique.com/thumb_4962446_uploaded_image1_1727306903.jpg,4 500CFA,"Mbour, Sénégal",Œufs de caille
https://images.coinafrique.com/thumb_4962365_uploaded_image1_1727302829.jpg,10 000CFA,"Almadies, Dakar, Sénégal",Hamster
https://images.coinafrique.com/thumb_4957482_uploaded_image1_1727090624.jpg,2 500CFA,"Thies, Sénégal",Cailles de chair
https://images.coinafrique.com/thumb_4956743_uploaded_image1_1727042864.jpg,50 000CFA,"Dakar, Sénégal",Chaton
https://images.coinafrique.com/thumb_4942157_uploaded_image1_1726204107.jpg,800 000CFA,"Hann Bel-Air, Dakar, Sénégal",Pintade noire
https://images.coinafrique.com/thumb_4941927_uploaded_image1_1726184064.jpg,590 000CFA,"Point E, Dakar, Sénégal",Chaton Persan Peaky Face
https://images.coinafrique.com/thumb_4928423_uploaded_image1_1725508257.jpg,350 000CFA,"Grand Dakar, Dakar, Sénégal",Chat
https://images.coinafrique.com/thumb_4922546_uploaded_image1_1725269043.jpg,Prix sur demande,"Mariste, Dakar, Sénégal",Chatons
https://images.coinafrique.com/thumb_4917429_uploaded_image1_1724966703.jpg,2 500CFA,"Guediawaye, Dakar, Sénégal",Poussins de canard
https://images.coinafrique.com/thumb_4917420_uploaded_image1_1724966404.jpg,Prix sur demande,"Guediawaye, Dakar, Sénégal",Dinde rouge Ardenne
https://images.coinafrique.com/thumb_4903200_uploaded_image1_1724163057.jpg,50 000CFA,"Point E, Dakar, Sénégal",Perroquets
https://images.coinafrique.com/thumb_4898597_uploaded_image1_1723887709.jpg,8 500CFA,"Dakar Plateau, Dakar, Sénégal",Poisson Aquarium
https://images.coinafrique.com/thumb_4895608_uploaded_image1_1723716978.jpg,Prix sur demande,"Niaga, Sénégal",Bœufs
https://images.coinafrique.com/thumb_4888897_uploaded_image1_1723397770.jpg,550 000CFA,"Sicap Liberté, Dakar, Sénégal",Chatons persans chinchillas purs
https://images.coinafrique.com/thumb_4885138_uploaded_image1_1723173640.jpg,750 000CFA,"Almadies 2, Dakar, Sénégal",Autruche
https://images.coinafrique.com/thumb_4880858_uploaded_image1_1722971406.jpg,3 000CFA,"Thies, Sénégal",Œufs de caille
https://images.coinafrique.com/thumb_4880849_uploaded_image1_1722971092.jpg,3 000CFA,"Thies, Sénégal",Œufs de caille
https://images.coinafrique.com/thumb_4878570_uploaded_image1_1722874635.jpg,Prix sur demande,"Niaga, Sénégal",vache
https://images.coinafrique.com/thumb_4869182_uploaded_image1_1722422052.jpg,550CFA,"Matam, Sénégal",Boeuf
https://images.coinafrique.com/thumb_4864739_uploaded_image1_1722168896.jpg,350 000CFA,"Gassane, Sénégal",Vache
https://images.coinafrique.com/thumb_4864117_uploaded_image1_1722115248.jpg,200 000CFA,"Dakar Plateau, Dakar, Sénégal",Chaton hiamalayen
https://images.coinafrique.com/thumb_4855435_uploaded_image1_1721662817.jpg,200 000CFA,"Yoff, Dakar, Sénégal",Siamois
https://images.coinafrique.com/thumb_4853741_uploaded_image1_1721569594.jpg,Prix sur demande,"Dakar, Sénégal",Bœufs race Goudali
https://images.coinafrique.com/thumb_4851931_uploaded_image2_1721447498.jpeg,2 000 000CFA,"Pikine, Sénégal",Vache montbéliardes
https://images.coinafrique.com/thumb_4846061_uploaded_image1_1721147785.jpg,15 000CFA,"Dieuppeul-Derklé, Dakar, Sénégal",Perruche ondulée
https://images.coinafrique.com/thumb_4846053_uploaded_image1_1721147434.jpg,30 000CFA,"Dieuppeul-Derklé, Dakar, Sénégal",Perruche ondulée
https://images.coinafrique.com/thumb_4846024_uploaded_image1_1721146605.jpg,20 000CFA,"Dieuppeul-Derklé, Dakar, Sénégal",Perruches ondulées blanches
https://images.coinafrique.com/thumb_4818301_uploaded_image1_1719774491.jpg,500 000CFA,"Dakar Plateau, Dakar, Sénégal",Persan pure race
https://images.coinafrique.com/thumb_4808981_uploaded_image1_1719268557.jpg,450 000CFA,"Dakar Plateau, Dakar, Sénégal",Chatons Persan pure race
https://images.coinafrique.com/thumb_4808971_uploaded_image1_1719267956.jpg,700 000CFA,"Dakar Plateau, Dakar, Sénégal",Scottish fold et scottish straight de race pure
https://images.coinafrique.com/thumb_4807500_uploaded_image1_1719210823.jpg,4 600CFA,"Keur Massar, Sénégal",Foin
https://images.coinafrique.com/thumb_4804686_uploaded_image1_1718999173.jpg,140 000CFA,"Yoff, Dakar, Sénégal",Paon
https://images.coinafrique.com/thumb_4803206_uploaded_image1_1718912151.jpg,750 000CFA,"Dakar Plateau, Dakar, Sénégal",Chat scotish
https://images.coinafrique.com/thumb_4794677_uploaded_image1_1718313441.jpg,15 000CFA,"Dakar, Sénégal",Poussin dinde rouge
https://images.coinafrique.com/thumb_4794473_uploaded_image1_1718301841.jpg,17 500CFA,"Dakar, Sénégal",Cochin Fauve
https://images.coinafrique.com/thumb_4794466_uploaded_image1_1718301585.jpg,17 500CFA,"Dakar, Sénégal",Poussin Cochin disponible
https://images.coinafrique.com/thumb_4785131_uploaded_image1_1717786702.jpg,400 000CFA,"Dakar Plateau, Dakar, Sénégal",Chat persan
https://images.coinafrique.com/thumb_4765270_uploaded_image1_1716842569.jpg,350 000CFA,"Dakar, Sénégal",Chaton Angora
https://images.coinafrique.com/thumb_4765247_uploaded_image1_1716841792.jpg,Prix sur demande,"Guediawaye, Dakar, Sénégal",Vache laitière Montbéliarde
https://images.coinafrique.com/thumb_4755374_uploaded_image1_1716328455.jpg,450 000CFA,"Dakar Plateau, Dakar, Sénégal",Chaton Scottish
https://images.coinafrique.com/thumb_4753936_uploaded_image1_1716257870.jpg,Prix sur demande,"Pikine, Sénégal",Vaches Montbéliarde
https://images.coinafrique.com/thumb_4753935_uploaded_image1_1716257776.jpg,Prix sur demande,"Rufisque, Sénégal",Vache Montbéliard et Holstein
https://images.coinafrique.com/thumb_4753933_uploaded_image1_1716257630.jpg,Prix sur demande,"Pikine, Sénégal",Vache  Montbéliard Holstein
https://images.coinafrique.com/thumb_4752043_uploaded_image1_1716145974.jpg,800 000CFA,"Kaolack, Sénégal",Boeuf
https://images.coinafrique.com/thumb_4751663_uploaded_image1_1716126912.jpg,Prix sur demande,"Mariste, Dakar, Sénégal",3 chatons
https://images.coinafrique.com/thumb_4686441_uploaded_image1_1712838619.jpg,250 000CFA,"Rufisque, Sénégal",Paon bleu
https://images.coinafrique.com/thumb_4724298_uploaded_image1_1714756962.jpg,60 000CFA,"Point E, Dakar, Sénégal",Perroquet inséparable
https://images.coinafrique.com/thumb_4723220_uploaded_image1_1714727016.jpg,300 000CFA,"Almadies, Dakar, Sénégal",Chat Siamois
https://images.coinafrique.com/thumb_4723216_uploaded_image1_1714726904.jpg,5 000CFA,"Almadies, Dakar, Sénégal",Hamster
https://images.coinafrique.com/thumb_4701407_uploaded_image1_1713575328.jpg,Prix sur demande,"Touba, Sénégal",Cailles
https://images.coinafrique.com/thumb_4701230_uploaded_image1_1713565518.jpg,20 000CFA,"Mamelles, Dakar, Sénégal",Perruche
https://images.coinafrique.com/thumb_4689687_uploaded_image1_1713000926.jpg,Prix sur demande,"Ngor, Dakar, Sénégal",Chaton
https://images.coinafrique.com/thumb_4679890_uploaded_image1_1712437211.jpg,Prix sur demande,"Parcelle Assainies, Dakar, Sénégal",Bœufs
https://images.coinafrique.com/thumb_4679396_uploaded_image1_1712411459.jpg,40 000CFA,"Mamelles, Dakar, Sénégal",Paire de perruches ondulées
