Image_lien,Prix,Adresse,Détail
https://images.coinafrique.com/thumb_5180652_uploaded_image1_1739276152.jpg,5 000CFA,"Dakar Plateau, Dakar, Sénégal",Je liquide mes pigeons voyageurs de differentes couleur le couple à 5000f en etat de reproduction
https://images.coinafrique.com/thumb_5179009_uploaded_image1_1739192841.jpg,10 000CFA,"Dakar, Sénégal",Des poussins brahman herminé standard disponible 10k l'unité
https://images.coinafrique.com/thumb_5159050_uploaded_image1_1738156403.jpg,55 000CFA,"Rufisque, Sénégal",Femelle brahma caillouté en ponte
https://images.coinafrique.com/thumb_5159019_uploaded_image1_1738155613.jpg,55 000CFA,"Rufisque, Sénégal",Femelle brahma caillouté en ponte
https://images.coinafrique.com/thumb_5148151_uploaded_image1_1737572310.jpg,15 000CFA,"Dieuppeul-Derklé, Dakar, Sénégal",Des lapereaux métissages californien disponible stock limité
https://images.coinafrique.com/thumb_5124363_uploaded_image1_1736298689.jpg,35 000CFA,"Rufisque, Sénégal",Femelle brahma
https://images.coinafrique.com/thumb_5121788_uploaded_image1_1736179154.jpg,150 000CFA,"Guediawaye, Dakar, Sénégal",Jeune couple mondain noir disponible
https://images.coinafrique.com/thumb_5121430_uploaded_image1_1736164839.jpg,Prix sur demande,"Mbour, Sénégal",Mâle brahma bhn disponible à mbour pour plus de
https://images.coinafrique.com/thumb_5119498_uploaded_image1_1736025924.jpg,12 000CFA,"Diamniadio, Sénégal",Lapin mâle
https://images.coinafrique.com/thumb_5119494_uploaded_image1_1736025705.jpg,12 000CFA,"Diamniadio, Sénégal",Lapin mâle à dakar
https://images.coinafrique.com/thumb_5107651_uploaded_image1_1735215733.jpg,36 000CFA,"Dakar, Sénégal",
https://images.coinafrique.com/thumb_5104370_uploaded_image1_1734964382.jpg,Prix sur demande,"Parcelle Assainies, Dakar, Sénégal",Poussin
https://images.coinafrique.com/thumb_5088564_uploaded_image1_1734010113.jpg,30 000CFA,"Patte d'oie, Dakar, Sénégal",Couple lahore lavande adulte disponible me contacter pour plus de détails
https://images.coinafrique.com/thumb_5085521_uploaded_image1_1733851166.jpg,200 000CFA,"Rufisque, Sénégal",Salam aleykoum la famille.  je mets à votre disposition de jolies couples de mondains standard les prix varient selon la demande
https://images.coinafrique.com/thumb_5080703_uploaded_image1_1733571477.jpg,25 000CFA,"Pikine, Sénégal",vente de poussin brahman pur 100
https://images.coinafrique.com/thumb_5078519_uploaded_image1_1733444790.jpg,150 000CFA,"Guediawaye, Dakar, Sénégal",Jeune couple mondain noir disponible
https://images.coinafrique.com/thumb_5069958_uploaded_image1_1733056070.jpg,45 000CFA,"Mariste, Dakar, Sénégal",couple boulon de saxe
https://images.coinafrique.com/thumb_5064256_uploaded_image1_1732714222.jpg,35 000CFA,"Pikine, Sénégal",Couple adulte métisses géant et fauve
https://images.coinafrique.com/thumb_5044135_uploaded_image1_1731603018.jpg,45 000CFA,"Pikine, Sénégal",Vente de poulet herminé  adultes et poussins
https://images.coinafrique.com/thumb_5043101_uploaded_image1_1731565347.jpg,15 000CFA,"Mbour, Sénégal",
https://images.coinafrique.com/thumb_5000540_uploaded_image1_1729260478.jpg,15 000CFA,"Pikine, Sénégal",lapin mâle très virile avec un bon gabarit à vendre..
https://images.coinafrique.com/thumb_4998472_uploaded_image1_1729159431.jpg,Prix sur demande,"Almadies 2, Dakar, Sénégal",Rex garenne 4 mois av ou echange
https://images.coinafrique.com/thumb_4996843_uploaded_image1_1729085675.jpg,10 000CFA,"Patte d'oie, Dakar, Sénégal",Pigeons paon indien disponible
https://images.coinafrique.com/thumb_4993341_uploaded_image1_1728920307.jpg,Prix sur demande,"Parcelle Assainies, Dakar, Sénégal","Un mal brahma adultes + 3 femelles , ou poussins d'un mois"
https://images.coinafrique.com/thumb_4981240_uploaded_image1_1728309289.jpg,15 000CFA,"Pikine, Sénégal",Paire de lapins metisses angora avec un grand gabarit à vendre age 5 mois prix couple 15k visible à pikine livraison possible
https://images.coinafrique.com/thumb_4975768_uploaded_image1_1727986043.jpg,15 000CFA,"Grand Yoff, Dakar, Sénégal","À vendre : adorables lapins à la recherche de nouveaux foyers 
vous cherchez un compagnon doux et affectueux ? nos charmants lapins sont prêts à être adoptés  élevés avec soin dans un environnement familial, ils sont parfaits pour petits et grands.
race : métissage californien et métissage rex
caractère : affectueux, joueurs et faciles à apprivoiser
santé : en excellente santé et bien nourris
variété de couleurs : blancs uni, bicolore noir et blancblanc,  blanc marron.
prix : sur demande car varie en fonction de l'âge et de la race du lapin"
https://images.coinafrique.com/thumb_4975038_uploaded_image1_1727964716.jpg,3 000CFA,"Hann Bel-Air, Dakar, Sénégal",Coq
https://images.coinafrique.com/thumb_4966470_uploaded_image1_1727557573.jpg,15 000CFA,"Keur Massar, Sénégal",Métis californien de 2 mois
https://images.coinafrique.com/thumb_4954195_uploaded_image1_1726867840.jpg,50 000CFA,"Almadies, Dakar, Sénégal",Lapin geant papillon français demi sang rex tricolore unité 50.000 reste 3 mâles.
https://images.coinafrique.com/thumb_4946879_uploaded_image1_1726499763.jpg,Prix sur demande,"Mariste, Dakar, Sénégal",Un très bon couple voyageur
https://images.coinafrique.com/thumb_4946878_uploaded_image1_1726499637.jpg,15 000CFA,"Mariste, Dakar, Sénégal",Un très bon couple
https://images.coinafrique.com/thumb_4942161_uploaded_image1_1726204258.jpg,10 000CFA,"Hann Bel-Air, Dakar, Sénégal",
https://images.coinafrique.com/thumb_4936241_uploaded_image1_1725920934.jpg,25 000CFA,"Mariste, Dakar, Sénégal",Deux couple voyageur disponible à 25000f
https://images.coinafrique.com/thumb_4936101_uploaded_image1_1725915391.jpg,Prix sur demande,"Dakar, Sénégal",Un mâle et 3 femelles brahman herminé standard disponible chez moi à keur ndiaye lo
https://images.coinafrique.com/thumb_4932369_uploaded_image1_1725702422.jpg,15 000CFA,"Pikine, Sénégal",couples lapins demi sang angora de 4 mois couple à 15 mil
https://images.coinafrique.com/thumb_4921301_uploaded_image1_1725195914.jpg,50 000CFA,"Grand Yoff, Dakar, Sénégal",Couple de métisse brahma de 7 mois à vendre à un prix très abordable merci de me contacter pour plus d'informations
https://images.coinafrique.com/thumb_4920745_uploaded_image1_1725167512.jpg,Prix sur demande,"Dakar, Sénégal",
https://images.coinafrique.com/thumb_4917441_uploaded_image1_1724967120.jpg,Prix sur demande,"Guediawaye, Dakar, Sénégal",Des couple de pigeon voyageurs disponibles pour plus d’info contactez-moi
https://images.coinafrique.com/thumb_4884507_uploaded_image1_1723139531.jpg,Prix sur demande,"Dakar, Sénégal",Mâle adulte boulant gaditano
https://images.coinafrique.com/thumb_4877982_uploaded_image1_1722858918.jpg,5 000CFA,"Keur Massar, Sénégal","Les poules de bleu d'hollande disponible pour la consommation poids entre 2kg à 2,5"
https://images.coinafrique.com/thumb_4868318_uploaded_image1_1722369912.jpg,60 000CFA,"Mbao, Dakar, Sénégal",Lapereaux geant des flandres de 26  jours
https://images.coinafrique.com/thumb_4865409_uploaded_image1_1722221284.jpg,30 000CFA,"Parcelle Assainies, Dakar, Sénégal",Des lapins nains très adorables
https://images.coinafrique.com/thumb_4862961_uploaded_image1_1722048205.jpg,Prix sur demande,"Pikine, Sénégal","2 mâles cochin Caillouté et porteur Caillouté 
Disponibles????"
https://images.coinafrique.com/thumb_4862270_uploaded_image1_1722006320.jpg,170 000CFA,"Guediawaye, Dakar, Sénégal",Couple mondain noir en production disponible et d’autres sont aussi disponible
https://images.coinafrique.com/thumb_4860862_uploaded_image1_1721930737.jpg,35 000CFA,"Mermoz-Sacré Coeur, Dakar, Sénégal",
https://images.coinafrique.com/thumb_4860848_uploaded_image1_1721930260.jpg,20 000CFA,"Mermoz-Sacré Coeur, Dakar, Sénégal",
https://images.coinafrique.com/thumb_4853197_uploaded_image1_1721514569.jpg,70 000CFA,"Mbao, Dakar, Sénégal",Couple Pigeon Mondain Blanc
https://images.coinafrique.com/thumb_4841263_uploaded_image1_1720874099.jpg,Prix sur demande,"Mbao, Dakar, Sénégal","J vends un paire angoura 30mil
dispo a grand mbao"
https://images.coinafrique.com/thumb_4840128_uploaded_image1_1720797760.jpg,150 000CFA,"Thiaroye, Sénégal",Des jeunes mondains indigo/écaillé noir
https://images.coinafrique.com/thumb_4836511_uploaded_image1_1720629763.jpg,15 000CFA,"Fass, Dakar, Sénégal","Œufs frais  fertiles et poussins de goliath disponible, par tablette de 30 œufs"
https://images.coinafrique.com/thumb_4829597_uploaded_image1_1720290196.jpg,15 000CFA,"Mbao, Dakar, Sénégal",Lapereaux métisse géant et californien 3 mois disposition a diamaguene dakar paire 15000f. unité 8000f intéressé contactez
https://images.coinafrique.com/thumb_4824502_uploaded_image1_1720037338.jpg,Prix sur demande,"Dakar, Sénégal",
https://images.coinafrique.com/thumb_4824501_uploaded_image1_1720037293.jpg,Prix sur demande,"Dakar, Sénégal",Mâle de 5 mois disponible brahman hierminés standard nouveau source
https://images.coinafrique.com/thumb_4818681_uploaded_image1_1719796046.jpg,120 000CFA,"Mbao, Dakar, Sénégal",Disponible a keur mbaye fall
https://images.coinafrique.com/thumb_4817873_uploaded_image1_1719747122.jpg,500CFA,"Mermoz-Sacré Coeur, Dakar, Sénégal",Vente flash trois hermines femelles et deux cochins males
https://images.coinafrique.com/thumb_4816363_uploaded_image1_1719645676.jpg,7 000CFA,"Keur Massar, Sénégal",Ce sont de beaux couples de pigeons
https://images.coinafrique.com/thumb_4816360_uploaded_image1_1719645541.jpg,15 000CFA,"Keur Massar, Sénégal",Ce sont des poulets de très bonne qualité et résistantes mais aussi  on a des poussins
https://images.coinafrique.com/thumb_4810642_uploaded_image1_1719347241.jpg,60 000CFA,"Dakar Plateau, Dakar, Sénégal",jeune mâle hermine disponible
https://images.coinafrique.com/thumb_4807968_uploaded_image1_1719229010.jpg,3 500CFA,"Saint Louis, Sénégal",
https://images.coinafrique.com/thumb_4807398_uploaded_image1_1719187421.jpg,95 000CFA,"Rufisque, Sénégal",je vends des brahma de lignèes pures adulte et jeuné disponible stock limité contactez moi sur whatsapp
https://images.coinafrique.com/thumb_4800310_uploaded_image1_1718745887.jpg,Prix sur demande,"Guediawaye, Dakar, Sénégal",jeune couple mondain noir dispo
https://images.coinafrique.com/thumb_4800306_uploaded_image1_1718745517.jpg,Prix sur demande,"Guediawaye, Dakar, Sénégal",jeûne couple texan pionnier dispo
https://images.coinafrique.com/thumb_4787594_uploaded_image1_1717954434.jpg,Prix sur demande,"Keur Massar, Sénégal","À la recherche des meilleures poules de race(herminé,cochin bleu,) au sénégal ? ???? découvrez nos poules exceptionnelles, connues pour leur haute production d'œufs et leur résistance aux maladies. ???? ???? profitez de 10% de réduction avec le code promopoules10 sur votre première commande ! ???? contactez-nous dès maintenant"
https://images.coinafrique.com/thumb_4767951_uploaded_image1_1716976720.jpg,2 500CFA,"Dakar, Sénégal",Produit de bon qualité
https://images.coinafrique.com/thumb_4751808_uploaded_image1_1716133783.jpg,40 000CFA,"Lac rose, Sénégal",Couple lapereau fauve de bourgogne
https://images.coinafrique.com/thumb_4696598_uploaded_image1_1713352074.jpg,1 500CFA,"Mbao, Dakar, Sénégal","Délectez-vous de la qualité supérieure avec notre sélection de poulets de chair premium. élevés avec soin et nourris de manière naturelle, nos poulets offrent une tendresse inégalée et une saveur exquise à chaque bouchée. que ce soit pour un repas en famille ou une soirée entre amis, nos poulets sont la garantie d'un festin mémorable. savourez l'excellence à chaque plat et découvrez une nouvelle dimension de plaisir culinaire. commandez dès maintenant et faites l'expérience du goût authentique à son meilleur !"
https://images.coinafrique.com/thumb_4738369_uploaded_image1_1715444473.jpg,Prix sur demande,"Thies, Sénégal","Je vends des brahman orpington, métisse brahmane,-bleue hollandaise"
https://images.coinafrique.com/thumb_4729764_uploaded_image1_1715037972.jpg,Prix sur demande,"Dakar, Sénégal",
https://images.coinafrique.com/thumb_4724548_uploaded_image1_1714767368.jpg,Prix sur demande,"Mbao, Dakar, Sénégal","Nous proposons des pigeons de race soigneusement élevés et en excellente santé. chaque paire de pigeons est sélectionnée avec soin pour garantir des caractéristiques de race authentiques et une bonne condition physique. nos pigeons sont nourris avec une alimentation de qualité supérieure et bénéficient d’un environnement propre et spacieux.le prix est disponible sur demande. si vous êtes intéressé(e), n’hésitez pas à nous contacter pour obtenir plus d’informations sur les tarifs."
https://images.coinafrique.com/thumb_4723223_uploaded_image1_1714727157.jpg,35 000CFA,"Almadies, Dakar, Sénégal",Nègre de soie unité 35.000
https://images.coinafrique.com/thumb_4714367_uploaded_image1_1714245668.jpg,20 000CFA,"Mamelles, Dakar, Sénégal",Bonjour je vend une paire de lapin angora pure sang a un prix tres abordable
https://images.coinafrique.com/thumb_4704120_uploaded_image1_1713750109.jpg,35 000CFA,"Dakar, Sénégal",
https://images.coinafrique.com/thumb_4703012_uploaded_image1_1713680804.jpg,13 500CFA,"Guediawaye, Dakar, Sénégal",
https://images.coinafrique.com/thumb_4690859_uploaded_image1_1713063647.jpg,Prix sur demande,"Dakar, Sénégal",
https://images.coinafrique.com/thumb_4690857_uploaded_image1_1713063525.jpg,15 000CFA,"Dakar, Sénégal",
https://images.coinafrique.com/thumb_4685152_uploaded_image1_1712756876.jpg,170 000CFA,"Guediawaye, Dakar, Sénégal",Salut couple mondain écailler noir disponible année 2024 sur la bague
https://images.coinafrique.com/thumb_4667518_uploaded_image1_1711842967.jpg,Prix sur demande,"Mbour, Sénégal",
https://images.coinafrique.com/thumb_4667144_uploaded_image1_1711815313.jpg,250 000CFA,"Guediawaye, Dakar, Sénégal",Femelle andalou disponible année 2023
https://images.coinafrique.com/thumb_4664901_uploaded_image1_1711663618.jpg,Prix sur demande,"Cambérène, Dakar, Sénégal",Pigeons voyageurs a manteau
https://images.coinafrique.com/thumb_4664895_uploaded_image1_1711663431.jpg,300CFA,"Cambérène, Dakar, Sénégal",Pigeon mondain bleu andalou
https://images.coinafrique.com/thumb_4662603_uploaded_image1_1711547811.jpg,10 000CFA,"Rufisque, Sénégal","Salam la famille je suis ici pour vous proposez de jolis couples de voyageurs compétiteurs et de couleurs , adultes et jeunes"
https://images.coinafrique.com/thumb_4662585_uploaded_image1_1711547077.jpg,50 000CFA,"Rufisque, Sénégal","Salam la famille , aujourd'hui je vous présente mes pigeons de chairs issus de plusieurs années de sélections  les critères recherchés étaient : une masse pondérale assez importante, de bon parents, une croissance rapide , et une bonne résistance au maladie. après un travail de longue date je vous propose des sujets prêtent pour vos projets de production de viande de pigeon bio de qualité mais aussi de bon nourriciers au cas où vous possédez d'autres races. veuillez bien me contacter pour plus dinfo merci!"
https://images.coinafrique.com/thumb_4653331_uploaded_image1_1711039616.jpg,80 000CFA,"Rufisque, Sénégal",Salut je vends de jolis couple de pigeon de la race texan
https://images.coinafrique.com/thumb_4653298_uploaded_image1_1711039158.jpg,200 000CFA,"Rufisque, Sénégal",Salam les amis éleveurs je mets à votre disposition de jolis couples mondains jeunes et adulte standard issu d'une production de souches importées allant du bleu à lopal .veuillez me confiez vos désirs je saurais les satisfaires inshaa allah!
